,Salary
0,Undisclosed salary
1,Undisclosed salary
2,Undisclosed salary
3,Undisclosed salary
4,Undisclosed salary
5,Undisclosed salary
6,Undisclosed salary
7,Undisclosed salary
8,Undisclosed salary
9,Undisclosed salary
10,Undisclosed salary
11,Undisclosed salary
12,Undisclosed salary
13,Undisclosed salary
14,Undisclosed salary
15,Undisclosed salary
16,Undisclosed salary
17,Undisclosed salary
18,Undisclosed salary
19,Undisclosed salary
20,Undisclosed salary
21,Undisclosed salary
22,Undisclosed salary
23,Undisclosed salary
24,Undisclosed salary
25,Undisclosed salary
26,Undisclosed salary
27,Undisclosed salary
28,Undisclosed salary
29,Undisclosed salary
30,Undisclosed salary
31,Undisclosed salary
32,Undisclosed salary
33,Undisclosed salary
34,Undisclosed salary
35,Undisclosed salary
36,Undisclosed salary
37,Undisclosed salary
38,Undisclosed salary
39,Undisclosed salary
40,Undisclosed salary
41,Undisclosed salary
42,Undisclosed salary
43,Undisclosed salary
44,Undisclosed salary
45,Undisclosed salary
46,Undisclosed salary
47,Undisclosed salary
48,Undisclosed salary
49,Undisclosed salary
50,Undisclosed salary
51,Undisclosed salary
52,Undisclosed salary
53,Undisclosed salary
54,Undisclosed salary
55,Undisclosed salary
56,Undisclosed salary
57,Undisclosed salary
58,Undisclosed salary
59,Undisclosed salary
60,Undisclosed salary
61,Undisclosed salary
62,Undisclosed salary
63,Undisclosed salary
64,Undisclosed salary
65,Undisclosed salary
66,Undisclosed salary
67,Undisclosed salary
68,Undisclosed salary
69,Undisclosed salary
70,Undisclosed salary
71,Undisclosed salary
72,Undisclosed salary
73,Undisclosed salary
74,Undisclosed salary
75,Undisclosed salary
76,Undisclosed salary
77,Undisclosed salary
78,Undisclosed salary
79,Undisclosed salary
80,Undisclosed salary
81,Undisclosed salary
82,Undisclosed salary
83,Undisclosed salary
84,Undisclosed salary
85,Undisclosed salary
86,Undisclosed salary
87,Undisclosed salary
88,Undisclosed salary
89,Undisclosed salary
90,Undisclosed salary
91,Undisclosed salary
92,Undisclosed salary
93,Undisclosed salary
94,Undisclosed salary
95,Undisclosed salary
96,Undisclosed salary
97,Undisclosed salary
98,Undisclosed salary
99,Undisclosed salary
100,Undisclosed salary
101,Undisclosed salary
102,Undisclosed salary
103,Undisclosed salary
104,Undisclosed salary
105,Undisclosed salary
106,Undisclosed salary
107,Undisclosed salary
108,Undisclosed salary
109,Undisclosed salary
110,Undisclosed salary
111,Undisclosed salary
112,Undisclosed salary
113,Undisclosed salary
114,Undisclosed salary
115,Undisclosed salary
116,Undisclosed salary
117,Undisclosed salary
118,Undisclosed salary
119,Undisclosed salary
120,Undisclosed salary
121,Undisclosed salary
122,Undisclosed salary
123,Undisclosed salary
124,Undisclosed salary
125,Undisclosed salary
126,Undisclosed salary
127,Undisclosed salary
128,Undisclosed salary
129,Undisclosed salary
130,Undisclosed salary
131,Undisclosed salary
132,Undisclosed salary
133,Undisclosed salary
134,Undisclosed salary
135,Undisclosed salary
136,Undisclosed salary
137,Undisclosed salary
138,Undisclosed salary
139,Undisclosed salary
140,Undisclosed salary
141,Undisclosed salary
142,Undisclosed salary
143,Undisclosed salary
144,Undisclosed salary
145,Undisclosed salary
146,Undisclosed salary
147,Undisclosed salary
148,Undisclosed salary
149,Undisclosed salary
150,Undisclosed salary
151,Undisclosed salary
152,Undisclosed salary
153,Undisclosed salary
154,Undisclosed salary
155,Undisclosed salary
156,Undisclosed salary
157,Undisclosed salary
158,Undisclosed salary
159,Undisclosed salary
160,Undisclosed salary
161,Undisclosed salary
162,Undisclosed salary
163,Undisclosed salary
164,Undisclosed salary
165,Undisclosed salary
166,Undisclosed salary
167,Undisclosed salary
168,Undisclosed salary
169,Undisclosed salary
170,Undisclosed salary
171,Undisclosed salary
172,Undisclosed salary
173,Undisclosed salary
174,Undisclosed salary
175,Undisclosed salary
176,Undisclosed salary
177,Undisclosed salary
178,Undisclosed salary
179,Undisclosed salary
180,Undisclosed salary
181,Undisclosed salary
182,Undisclosed salary
183,Undisclosed salary
184,Undisclosed salary
185,Undisclosed salary
186,Undisclosed salary
187,Undisclosed salary
188,Undisclosed salary
189,Undisclosed salary
190,Undisclosed salary
191,Undisclosed salary
192,Undisclosed salary
193,Undisclosed salary
194,Undisclosed salary
195,Undisclosed salary
196,Undisclosed salary
197,Undisclosed salary
198,Undisclosed salary
199,Undisclosed salary
200,Undisclosed salary
201,Undisclosed salary
202,Undisclosed salary
203,Undisclosed salary
